,name,phone-number,city,country
0,Carl Washington,001-175-952-3376x3248,Mount Crawford,El Salvador
1,Francis Petersen,6627658393,Rothville,Kiribati
2,Jason Brown,(603)660-2895,Kinderlou,British Virgin Islands
3,Stephanie Grimes,001-038-267-2455x58380,Ranchito,Armenia
4,Jason Matthews,(983)603-3480,Willoughby Hills,Russian Federation
5,Ronald Craig,+1-179-222-0307x771,Warm Mineral Springs,Zimbabwe
6,Sandy Molina,2242655830,Frenchville,Solomon Islands
7,Angelica Moody,(508)554-1930x17149,Long Valley,Greenland
8,Lori Haynes,001-494-285-2676x7452,Barrington,Italy
9,Sabrina Brown,(659)041-8210x7596,Lake Oswego,Thailand
10,Laura Taylor,033.429.8077,Treasure Island,Slovakia (Slovak Republic)
11,Marcus Taylor,841.008.7145x60406,Lingle,Fiji
12,Michael Mcintosh,410-863-2940x11957,Gilliatt,Korea
13,Robert Taylor,9076281627,Somes Bar,Bahrain
14,Daniel Rogers,025.137.6470x626,Mount Solon,Monaco
15,Grant Rose,001-597-132-5904x196,Granite,Cook Islands
16,Richard Alexander,(661)890-9419x133,Idana,Turkey
17,Eric Davis,382.255.5155x4301,Collegeville,New Caledonia
18,Michael Smith,(615)417-5979x77205,Tushka,Australia
19,Stephanie Luna,441.819.9257,Selbyville,Tanzania
20,Monique Stevens,001-892-898-2655,Lattingtown,Sierra Leone
21,Travis Reed,(480)078-1793,West Carrollton City,Burkina Faso
22,Barry Morgan,852.486.9416x8510,Wagarville,Slovakia (Slovak Republic)
23,Jason Jones,001-644-241-8784,Stockton,Nauru
24,Bradley Wang,+1-712-251-4419x6953,Juilliard,Egypt
25,Nicole Lee DDS,218-640-6026x7978,Sedona,Sao Tome and Principe
26,Rodney Whitaker,(210)023-4760x3093,Speight,Australia
27,Brittney Hart,(601)695-2304,Huntington Woods,Tunisia
28,Donald Brown,001-758-174-7376x75032,Hudson Falls,Slovakia (Slovak Republic)
29,Nathan Mckay,550.183.1479x448,Benjamin,Rwanda
30,Gregory Howell,878.328.4706,Cross Hill,Netherlands Antilles
31,Philip Nunez,692.898.6789x5533,Lake Bluff,Croatia
32,Jessica Faulkner,+1-370-878-2404x9379,Wekiva Springs,Cote d'Ivoire
33,Michael Durham,001-218-134-1854,Shorterville,Uruguay
34,Ashley Allen,609.525.6786x504,Westlake Village,Myanmar
35,George Weiss,248-992-1721,Dewalt,Andorra
36,Kaitlyn Sanders,552.997.4150x1871,Coaldale,Aruba
37,Christine Scott,218.448.3167x55562,Rose City,Bhutan
38,Bradley Calderon,703.905.4591x2169,Leipers Fork,Liberia
39,Alexander Martinez,001-188-336-5393,Star Harbor,Malaysia
40,Jesse Lee,083-041-9442x088,Pilar,Sierra Leone
41,Elizabeth House,204.656.1434x90652,Shevlin,Slovakia (Slovak Republic)
42,Jason Shaw,256-671-1987,Tuscumbia,Saint Pierre and Miquelon
43,Mary Bradley,203.130.8691x093,Chelatna Lodge,Nepal
44,Kristen Green,001-851-199-3780x98054,Sturbridge,Sweden
45,Bethany Hamilton,417-823-5849,Kosmos,Turks and Caicos Islands
46,Erin Pollard,474.023.0766,Guinda,Uzbekistan
47,Tyler Short,(324)811-4393x11815,Corrales,Ghana
48,Hannah Rodriguez,751-117-8425,Luis M. Cintron,Congo
49,Jessica Thompson,542.677.9231,La Prairie,Equatorial Guinea
50,Christine Smith,+1-517-235-6244x03486,Dahlia,Liberia
51,Michael Torres,+1-209-539-1359,Nixons Crossroads,Jamaica
52,Beverly Johnson,(906)078-4321x50401,Forbes Road,Kazakhstan
53,Sarah Khan,(856)030-1700x576,Dennard,Hong Kong
54,Eric Roberts,(448)030-1727x741,West Bishop,Germany
55,Nathaniel Henry,001-467-456-6630x60158,Nappanee,Macao
56,Latoya Martinez,039-225-8115x01410,Maple Park,Niue
57,Daniel King,001-170-983-3765x27384,Concrete,Marshall Islands
58,Chad Cox,+1-574-576-7039x76619,Valrico,Ukraine
59,Kimberly Landry,738-914-8536,Barracks,Bermuda
60,Joseph Smith,+1-703-950-5815,Atlanta,Egypt
61,Raymond Andrade,500.308.8680x113,Brazil,Netherlands
62,Mitchell Dennis,+1-476-376-8210x2441,Lake Creek,Ukraine
63,Ashley Mejia,895.967.4026x880,Bala-Cynwyd,Tunisia
64,Karen Foster,120-106-4256,Albright,Saint Pierre and Miquelon
65,Darrell Harrell,001-834-853-1881x402,Fellsburg,Mauritius
66,Ashley Clark,705-834-2532x0785,Port Hope,Bulgaria
67,Henry Green,693-877-4383x4377,Dixfield,Kiribati
68,Amy Garcia,(944)947-0751x57631,Des Plaines,Venezuela
69,Holly Williams,151-838-8840,Renfrow,Holy See (Vatican City State)
70,Matthew Marshall,776-456-0189,Dos Palos,Mozambique
71,Spencer Lang,(886)360-4039,Old Harbor,Italy
72,Jose Martin,+1-056-702-4505,Whyte,Peru
73,Veronica Mcneil,001-754-464-6625x5789,River Edge,Central African Republic
74,Katrina Ruiz,+1-663-229-8074,Chilo,Cambodia
75,Diana Hoffman,001-609-127-8004x887,Baker Hill,Rwanda
76,Marc Gomez,226.277.9325x47015,Clementon,Falkland Islands (Malvinas)
77,Jacob Russell,001-826-308-9482x0476,Pea Ridge,Guyana
78,Michelle Schwartz,(168)530-3962x92913,Crozet,Svalbard & Jan Mayen Islands
79,Kelly Castro,047-234-4497x14474,Lantana,Cocos (Keeling) Islands
80,Mr. Douglas Cuevas MD,5965215866,Canaseraga,Luxembourg
81,Eugene Douglas,566-970-5360,Struthers,Honduras
82,Brandon Vargas,088.726.4334x77550,Kenyon,Bahamas
83,Regina Clark,724-395-2758x158,Newfoundland,Zambia
84,John Nelson,5184918898,Geneva,Vanuatu
85,Julia Rodriguez,7479289714,Lacoochee,Japan
86,Steven Cox,+1-346-442-4648x7226,Nutter Fort,Bouvet Island (Bouvetoya)
87,Chase Walters,001-452-763-5935,Picabo,Gabon
88,Samantha Wheeler DVM,449.052.1036x4715,Scobey,Papua New Guinea
89,Dakota Zimmerman II,+1-577-461-5277,Davisville,Mozambique
90,Sheri Martin DVM,001-468-002-4252x20203,South Bloomfield,Latvia
91,Michelle Martin,686-460-0589x099,Spicer,Cape Verde
92,Sydney Miller,251.309.2408x085,Crisfield,Niue
93,Brian Gardner,(082)224-6742x6626,Salamonia,Gibraltar
94,Alexa Brown,(419)961-6889,Marysvale,Malaysia
95,Anna Barnett,(288)133-1872,Headquarters,Gambia
96,Henry Hernandez,001-825-032-2673,Littlefield,Poland
97,Karen Scott,001-384-630-2578x4625,Irene,Belize
98,Kaylee Melton,001-340-557-6940,Holiday,Kenya
99,Victoria Patterson,(813)594-2863x928,Chincoteague,Morocco
100,Melody Acevedo,808-983-9678,Blyn,Svalbard & Jan Mayen Islands
101,Toni Smith,4056177102,Prewitt,Trinidad and Tobago
102,Felicia Walton,+1-254-825-5807x337,Lund,Tajikistan
103,Jason Stevens,001-912-436-2201x1092,Lytle,Antigua and Barbuda
104,Daniel Pearson,289-804-0177,Ringling,Nauru
105,Samantha Archer,545-186-2802x903,Cohutta,Saint Pierre and Miquelon
106,Mallory Maldonado,(640)436-7621x2606,Glen Arm,Timor-Leste
107,Sarah Chen,0888448421,Palm Springs,Cocos (Keeling) Islands
108,Victoria Harding,001-542-437-6928x231,Hauula,Martinique
109,Jay Gonzales,0880102854,Ravenwood,Zimbabwe
110,Andrea Irwin,9910975063,Brecon,Kenya
111,Elizabeth Valdez,(052)363-9806,Hollywood Park,Mali
112,Dawn West,6853733982,Hiwassee,Tokelau
113,Donald Thomas,(932)482-6970x25818,Sun City,Kiribati
114,Michael Jones,987.170.2100x69483,Korbel,Korea
115,Katherine Harris,215-465-4759x1724,South Point,Suriname
116,Robert Pineda,(637)311-8861,Fountain City,Saint Kitts and Nevis
117,Donald Davis,+1-176-088-7503x2147,Fordland,Poland
118,Tyler Summers,(759)392-2753x5284,Forest Lake,Guadeloupe
119,Michael Vasquez,7700536320,Holy Cross,New Caledonia
120,Michael Clark,+1-349-278-1931x4896,Wellsville,Kazakhstan
121,Kevin Johnson,398.642.5012,Metz,Montenegro
122,Thomas Robinson,+1-011-034-6428x8838,Boscobel,Germany
123,Jose Perez,001-974-121-1657x73382,Naubinway,Guinea-Bissau
124,Joshua Jones,001-679-678-9799x704,McLeansville,Tonga
125,Joseph Hodge DDS,001-982-295-9250,Buena,South Georgia and the South Sandwich Islands
126,Timothy Perez,+1-278-451-6642x6502,Duck River,Sweden
127,Sara Morris,(917)491-8563,Waterford,Tajikistan
128,Jasmine Miller,(808)894-2056,Truth or Consequences,Kazakhstan
129,Courtney Ball,(062)141-0638x8516,Boles Acres,Aruba
130,Tracy Reyes,688.683.1643x5069,Portersville,Canada
131,Gabriel Miller,001-253-474-1919x69119,Orchard Beach,Saint Lucia
132,Deborah Shaw,416.042.7542,Cambria,Senegal
133,John Davis,374-390-0908,Kensington,United Kingdom
134,Jennifer Daniel,001-034-969-6464x79563,Mayville,Guadeloupe
135,Danielle Mack,182-942-5200x896,Branchville,Netherlands Antilles
136,Gregory Dixon,+1-386-240-4933x25303,Collingdale,Yemen
137,Michael Martinez,675-543-5177,Lynch,Suriname
138,William Frederick,4502686836,Mays Landing,Cuba
139,Shannon Cruz,(079)762-3823x7667,Hamburg,Chile
140,Richard Snow,360.561.5084x59581,Panola,Holy See (Vatican City State)
141,Angela Hogan,614.475.2414x43281,Boysen,Ukraine
142,Jonathan Adams,837.143.6022,Ebensburg,Papua New Guinea
143,Erik Carroll,828.217.8465x6005,Cuba,Bulgaria
144,Kristina Hicks,(561)220-6426,Wilmington Manor,Botswana
145,Robert Becker,586.903.0826x935,Titusville,Burkina Faso
146,Mark Bell,614.823.8849x7180,Diamondhead,South Africa
147,Nancy Fuller,(985)718-8946x42368,Waunakee,Brunei Darussalam
148,Joel Stephenson,(169)157-4339x23392,Loring,Faroe Islands
149,Tyler Cox,(355)229-9469,Robertsdale,Azerbaijan
150,Jason Frederick,674.852.3590,East Wilson,Pakistan
151,Andrea Farley,(769)684-6837x71523,Chevy Chase Section Three,Azerbaijan
152,Dylan Craig,3113915925,Streeter,British Indian Ocean Territory (Chagos Archipelago)
153,Ms. Shelby Smith,227-061-7923,Northrop,Tunisia
154,Matthew Arellano,001-044-785-3521,Pine Bush,Libyan Arab Jamahiriya
155,David Wells,+1-465-488-0041,Tuskegee,Swaziland
156,Cameron Gilbert,+1-350-375-0203x5448,Akeley,Canada
157,Daniel Perez,(298)113-5504x3935,Castle Park,New Caledonia
158,Nicholas Reed,(919)220-0789x74215,Yosemite Village,Bahrain
159,Alison Jones,(380)351-7956x372,Ponderay,Wallis and Futuna
160,Maria Bentley,(612)187-6519x3179,Westmoreland City,France
161,Robert Smith,806.917.0732x3186,Hibbard,Croatia
162,Shawn Fields,301.380.9844x75657,Doon,Bahamas
163,Joseph Brown,(004)291-0108x5078,Marcella,American Samoa
164,Susan Woods,885-159-7206x55173,Puako,Cape Verde
165,Angela Brown,(805)531-9053,Glen Head,Tonga
166,Nicholas Dunlap,(208)764-9901,Apple River,Saint Kitts and Nevis
167,Andrew Gordon,(671)463-6512,North Kingsville,Argentina
168,Jason Bailey,123.369.6430x14112,Cannonsburg,Western Sahara
169,Mike West,001-639-072-0698x7405,West Warwick,Saint Vincent and the Grenadines
170,Frank Jackson,595.670.3484,Columbiana,Armenia
171,Nicolas Barajas,(440)646-1058,Farina,Cocos (Keeling) Islands
172,Dr. Sarah Delacruz,+1-304-103-7890x9146,Medford,South Africa
173,Barbara Singleton,(132)965-5412x92306,Cuba City,Panama
174,Rose Weeks,001-765-419-6976x027,Rockvale,Senegal
175,David Walker,001-496-566-2201x066,Thalmann,Jamaica
176,John Bush,001-355-312-9469x718,Quinlan,Yemen
177,Joshua Williams,+1-043-003-6672x12185,Duenweg,Italy
178,Justin Butler,(790)389-9152x9845,Velda Village Hills,Equatorial Guinea
179,David Simmons,250-340-4129,Old Field,Saint Martin
180,Calvin Curry,9843299796,Mingo Junction,Myanmar
181,Jamie Castillo,8736278926,Wanda,Saint Lucia
182,Karen James,709.179.1744,Silver Valley,New Zealand
183,Timothy Underwood,(098)821-7093x86633,Massadona,Malawi
184,Patrick Woods,404-618-3299x761,Fruitvale,Papua New Guinea
185,Latasha Rosales,001-765-338-8718x166,Radford,Gabon
186,Kim Johnson,551-374-1582x26402,Valley Falls,Andorra
187,Kathryn George,154.941.0957x7212,Glenallen,Haiti
188,Robert Duncan,001-439-352-0828x1547,Cullomburg,Uganda
189,Julie Cooper MD,352.029.9422x64160,Chalmers,Czech Republic
190,Lacey Garcia,076.608.7124x528,Morganton,Andorra
191,Gregory Jones,724.372.6767,Dellview,Nauru
192,Trevor Rogers,+1-740-045-4385x21426,Lansdale,Estonia
193,Kenneth Smith,+1-304-132-3378x90851,Maquon,Norway
194,Amanda Bell,941.090.1626x1696,Marmet,Slovakia (Slovak Republic)
195,Elizabeth Walton,(830)558-0673x203,Clear Lake Shores,Morocco
196,Matthew Black,+1-130-486-3193x7328,Long Valley,British Virgin Islands
197,Jeff Jarvis,001-702-209-1068,Moore,Ethiopia
198,Paige Curtis,+1-322-784-2928x918,Cathedral City,Cook Islands
199,Kimberly White,(392)859-7855x745,Clio,Nicaragua
200,Bradley Herring,1609747890,Max,Nigeria
201,Cindy Gilbert,5854412362,Royse City,Italy
202,Catherine Hall,825-096-5080,Clarksville,Ghana
203,Deanna Wood,001-301-144-8548x1547,Dunnellon,Honduras
204,Lisa King,+1-873-501-9065x709,Lutsen,Barbados
205,Brittany Bautista,747-345-5165x530,Glenn Heights,Cook Islands
206,Eric Wilson,650-247-7181x8528,Roane,Bermuda
207,Mrs. Jody Cooper,+1-292-572-6350x790,Forney,Djibouti
208,Brittany Hughes,(675)797-3645,Jamestown,Cocos (Keeling) Islands
209,Andrea Rodriguez,815-908-0611,Whitesville,Zimbabwe
210,Rachel Cox,+1-967-486-0015x57967,Los Olivos,Chad
211,Jessica Gardner,986.639.2765x203,Tuba City,Switzerland
212,Jeremy Ellis,(035)720-0122x464,Little Eagle,Brazil
213,Angela Mason,839.597.5747,Aspen,Togo
214,Matthew Frey,652.966.3407,Cannonville,Palestinian Territory
215,Mary Wolf,157-128-3585,South Charleston,Bermuda
216,Laurie Rodriguez,758.515.0677x71499,Reganton,United States Virgin Islands
217,Stephanie Maddox,001-544-010-7180x400,Philbrook,South Africa
218,Katie Brown,+1-032-023-0488x5095,Bel Alton,Slovenia
219,Patricia Peters,001-776-879-1104x082,Gradyville,Ireland
220,Jacob Reed,595-029-3381x524,Otranto,Cote d'Ivoire
221,Caleb Dickson,+1-583-939-3263x496,Munford,Benin
222,Jackie Palmer,001-612-400-3748x81986,Bedford Park,Korea
223,Andrew Austin,+1-236-518-6519,Cadott,South Africa
224,Zachary Ryan,769-586-4720x145,Hoban,Gibraltar
225,David Diaz,+1-049-648-2100,Charles City,French Polynesia
226,Christian Watts PhD,+1-371-651-7258x0344,Wakulla,San Marino
227,Patricia Tran,001-604-559-1063x328,San Joaquin,Indonesia
228,Louis Holmes,015-313-3483x939,Cheswick,Cote d'Ivoire
229,Larry Huynh,001-632-741-2590x477,Nolensville,Iceland
230,Jonathan Moss,479-727-7902x43410,Lawtey,Martinique
231,Chad Jennings,605.137.2490x8562,Lawtey,Croatia
232,Michael Johnson,262.633.5388,Mahaffey,Congo
233,Erica Frye,(204)683-0991x708,Chocktou Lake,Austria
234,Jessica Wilson,+1-421-919-4995x654,Cheektowaga,Jersey
235,Brittany Barber,+1-332-757-6315x807,Trowbridge,Venezuela
236,Christopher Woodward,+1-530-755-1949,Lydia,Saudi Arabia
237,Steven Nixon,072.665.0189x38509,Babcock,Isle of Man
238,Jeffrey Lester,260.172.0306,Cornwell,Panama
239,Kimberly Ashley,478.338.6663x9622,Southaven,Brazil
240,Anthony Perkins,+1-325-005-9073x8286,Dennison,Cote d'Ivoire
241,Melissa Gutierrez,(254)370-4542x946,Middle River,Lebanon
242,Jill Duran,760.644.3310x957,Rayne,Kuwait
243,Victoria Abbott,956.699.8292x3381,Galena Park,Puerto Rico
244,Ashley Bean,(778)040-6595x287,Fabens,Liechtenstein
245,Isaac Leblanc,2686034992,Naco,Lesotho
246,Gilbert Mclaughlin,862.654.1344x71058,Philipp,Iran
247,Dominique Frost,001-994-750-5596x3482,Wallaceton,Sri Lanka
248,Glenn Cole,447-491-3983x41097,Guanica,Burundi
249,Claudia Pacheco,+1-477-688-8301x856,Driftwood,Trinidad and Tobago
250,Angela King,572-309-0095x7576,Winter Gardens,Palestinian Territory
251,Tina Beasley,(671)603-4462x8144,Rocky Ford,Nauru
252,Adam Mclaughlin,+1-908-023-8144x20418,Langley Park,Central African Republic
253,Donna Horton,001-881-272-6094x85825,White Shield,Central African Republic
254,Patricia Perez,001-288-981-5737,Eva,Liberia
255,Patrick Lucas,001-223-056-0830,Alta Vista,Solomon Islands
256,Mark Oconnell,001-950-263-5149x308,Dickerson,Cote d'Ivoire
257,Nathaniel Miller,489-029-3126x64128,Renwick,Samoa
258,Christopher Beltran,079.144.1165x925,Muncy,Guadeloupe
259,Tony Vasquez,123.680.2593,South Venice,Turkey
260,Laura Bell,001-542-593-2232x774,Vigo Park,Senegal
261,Julie Dean,(106)237-1511x1681,Pinetop-Lakeside,Denmark
262,Diane Hamilton,001-465-086-9686x4507,Bill,Equatorial Guinea
263,Kimberly Rodriguez,020-726-9766x3304,Petros,Comoros
264,Julia Brown,319.360.9136x082,Heath Springs,Latvia
265,Sara Gibson,818.872.4504x157,Mar-Mac,Guyana
266,Brian Hicks,061-637-4711x6685,Fort Smith,Bouvet Island (Bouvetoya)
267,Christine Rose,710-957-1259x22648,Mausdale,Mayotte
268,Taylor Alvarado,(528)235-9407x6510,Ibapah,Vietnam
269,Kimberly Le,857-599-6191,Stone City,Fiji
270,Craig Baker,513-165-9718x03811,Palo Seco,Kuwait
271,William Berry,030.274.9850x82596,Hughes,Christmas Island
272,Erin Davis,(465)911-8297x3102,Dibble,Norfolk Island
273,Eric Schmidt,(632)264-4907x32431,Wray,Rwanda
274,Dean Cook,394.317.8105,Hawaiian Gardens,Turks and Caicos Islands
275,Andrea Collier,001-792-906-3455,Bay Center,Sudan
276,Kimberly Boyd,700-810-3357x921,Eden Valley,Switzerland
277,Julie Mack,(992)420-7160,Moyie Springs,Dominican Republic
278,David Murphy,001-601-776-1844x0649,Narrowsburg,Nauru
279,George Leblanc,488-583-6035,Oakbrook Terrace,Belgium
280,Paul Hart,+1-529-345-2801x84806,West Athens,Congo
281,Jeremy Copeland,(808)160-9145x2121,Aguadilla,Saudi Arabia
282,David Howard,224-100-0100,Bridge Creek,Solomon Islands
283,Mrs. Kelly Fernandez,+1-339-076-2990x4205,Conyngham,Ireland
284,Bobby Dunn,673-483-1297,Wild Rose,Belgium
285,Traci Reed,(744)965-6734x6791,Hallettsville,Turkey
286,Daniel Harris,(473)768-5047x886,Naplate,Brazil
287,Michael Fisher,+1-465-139-1384,Catonsville,Libyan Arab Jamahiriya
288,Thomas Snyder,(941)875-4618,New Stuyahok,Ghana
289,Chad Roberts,+1-325-909-6795,Muldrow,United States Virgin Islands
290,Leah Porter,(918)354-6350x077,Loreauville,Paraguay
291,Christina Mcgrath,(402)191-3044x6603,Royal Oak,Isle of Man
292,Alexis Salas,001-479-716-6557x581,Painesdale,Burkina Faso
293,Cynthia Fitzpatrick,(322)832-0661x132,Egan,Fiji
294,Kelly Torres,+1-824-409-6026x96366,Park Valley,Myanmar
295,Timothy Garcia,731.025.4478x0207,Willow Springs,Luxembourg
296,Amy Petersen,523-010-1622x43364,Marvell,Ecuador
297,Heather Weeks,+1-874-693-2909x1891,McClure,Iceland
298,Michael Acevedo,001-513-576-9673x52328,Saint Landry,Somalia
299,Anthony Foster,454-225-5506x875,Cashiers,Western Sahara
300,Justin Powell,2759812472,Wind Point,Bahrain
301,Amy Torres,367.522.5308x366,Charlotte Harbor,United States of America
302,Denise Wilson,117-198-7641x843,Chauvin,Japan
303,Brian Wilson,(830)334-3180,Pomona Heights,Latvia
304,Molly Carr,001-419-056-6418x5569,Doran,Monaco
305,Erica Oconnor,878.862.6935,Thomas,Marshall Islands
306,Peter Castillo,001-659-627-9729x15512,Leipers Fork,Aruba
307,Carlos White,507-364-3658x7180,Rombauer,Senegal
308,Nicole Rose,(835)915-5332,Champlin,American Samoa
309,Veronica Mayo DDS,517-026-4216,Saint Leo,Hong Kong
310,Kristen Santiago,+1-316-429-5077,Macedonia,Austria
311,Julie Greene,6856802802,Big Cabin,United States Minor Outlying Islands
312,Timothy Jackson,315.042.3037,Athol Springs,Armenia
313,Heather Reid,783-119-2418x325,Worthington Springs,Greece
314,Victoria Mitchell DDS,106-937-0227,Roxbury,Saint Kitts and Nevis
315,Steven Gould,5660148788,Webber,Congo
316,Jeremy Beasley,(093)544-3352x18138,Wyandanch,Azerbaijan
317,Rebecca Clark,(028)155-8816x09060,Garibaldi,Burundi
318,Linda Hines,730.430.4386x60805,Burr,Thailand
319,Patrick Jones,(485)501-3992,Clements,Uganda
320,Debbie Baker,763.659.4166x263,Palmer Park,Brazil
321,James Thornton,4414109030,Nikep,Seychelles
322,Aaron Roberts,6500028323,Leflore,Kyrgyz Republic
323,Sara Nunez,329-345-0532x0740,Franklin Grove,Switzerland
324,Robert Burns,001-198-198-8775,North City,Netherlands Antilles
325,Robert King,+1-982-804-1554,Coweta,Mali
326,Bonnie Hudson,+1-707-114-5793,Country Club Heights,Uganda
327,James Swanson,202.634.6816,Kersey,Jersey
328,Connor Ross,347.823.1210,Zachary,United States Minor Outlying Islands
329,Dawn Cox,+1-693-819-0386x00534,Forrest,Christmas Island
330,Theresa Holder,+1-817-183-4526x5868,Strawberry Point,Kiribati
331,William Jones,512.250.3580,Janney,Kazakhstan
332,Dr. Jeffery Berry,001-278-830-3533x7232,Del City,Palestinian Territory
333,Kristy Cox,7726837106,Allerton,Mongolia
334,Donna Brown,857-662-3085x1238,Lorentz,Ukraine
335,Carol Perkins,851.872.9631x8986,Whiteclay,Portugal
336,Michael Myers,001-985-677-0454,Royal Pines,Serbia
337,Shane Odonnell,(800)581-4472,Grand View-on-Hudson,Palau
338,Brianna Moyer,516.431.3889,Smackover,Bosnia and Herzegovina
339,Stephanie Waters,(708)620-1728,Kenly,Lithuania
340,Steven Walter Jr.,4928119433,Cedarville,Tanzania
341,Vincent Gutierrez,424-967-7292,North Westminster,Marshall Islands
342,Martin Russell,853-923-4076x416,Wanaque,Mali
343,Stephanie Francis,001-266-032-7208x530,Pomona Heights,Madagascar
344,Caleb Brown,903-871-8661,Rhodes,Mauritania
345,Matthew Atkinson,9996719370,Dendron,Jersey
346,Caitlin Huerta,(760)434-5875,Kenefic,Ghana
347,Alexandra Miller,(155)342-0262,Roseto,Saudi Arabia
348,Gabrielle Allen,001-964-613-0132x594,Arundel Village,Namibia
349,David Estrada,506-410-8970,Newton Falls,Tonga
350,Maria Bell,+1-127-576-7734x6840,Wilno,Bangladesh
351,Melissa Navarro,027.401.1202x93905,Pennsburg,United States of America
352,Melanie Wolfe,429-570-3454x70739,Panco,Romania
353,Gabriel West PhD,669.351.7516,Wadesboro,Slovakia (Slovak Republic)
354,Raymond Smith DVM,333-179-9460x3759,Cokeville,Central African Republic
355,Steven Valentine,028.743.1124x8557,Morris Plains,Sweden
356,Mrs. Renee George MD,001-448-403-4643x523,Gunter,Vietnam
357,Sandra Adkins,627.859.6286x1932,Redkey,Czech Republic
358,Gregory Mccormick,060.753.4552x6214,Reklaw,Lao People's Democratic Republic
359,John Sanders,(076)224-0292x0309,Reevesville,Belgium
360,Christopher Weber,893-533-4013,East Fultonham,Morocco
361,Joseph Gibson,241-759-2288x1361,Saint Catherine,Mozambique
362,Kevin Harvey,(094)889-8366x3605,Tunica,Estonia
363,Samantha White,344.389.3105,Winter Gardens,Faroe Islands
364,Jose Moore,425.132.4305,Sadsburyville,United States Virgin Islands
365,Timothy Snyder,024-637-7982x5567,Dellview,Kazakhstan
366,Kimberly Nguyen,+1-097-504-8142x6068,Pequop,Qatar
367,Thomas Nguyen,248.550.5675,Trego,Turks and Caicos Islands
368,Joan Wilson,246-894-2052,Blaine Hill,Kyrgyz Republic
369,Kelly Durham,+1-838-616-7955x0773,Odon,Lao People's Democratic Republic
370,Wesley Lucero,(407)022-7868x42692,Norden,Kyrgyz Republic
371,Sarah Caldwell,001-846-959-5705x25557,West Pike,Togo
372,Angela Beck,437-542-1008,Moodys,China
373,Sonya Wilson,512.805.9569,Port Orchard,Egypt
374,Dawn Davis,001-907-117-7304x360,South Boston,Nicaragua
375,Christopher Thomas,001-900-544-5709x64521,Luverne,Saint Vincent and the Grenadines
376,Todd Cortez,001-749-335-3780x1997,Edwards,Palau
377,Allison Bradley,001-037-454-7470x2156,Orchard Hill,Denmark
378,Tyrone Bryant,(292)582-1680x1993,Fox River,Guinea
379,Tasha Brandt,548-547-2915x1784,Lugert,Reunion
380,Ashley Fernandez,+1-809-861-7296x442,West Upton,Ukraine
381,Amy Dickerson,(015)256-6990,Fort Shawnee,Brunei Darussalam
382,Joseph Rodriguez,001-830-092-2126x1155,Butte,Northern Mariana Islands
383,Carl Walters,(854)792-1603x200,Shipman,Switzerland
384,Christian Garcia,(830)034-2866,Schleswig,British Virgin Islands
385,Rachel Rhodes,(567)839-4139x351,Shungnak,Myanmar
386,James Davis,+1-320-995-9804x678,Waldwick,Georgia
387,Steven Peck,+1-103-863-3012x21609,Wynne,Austria
388,Travis Cole,(883)365-8155x4008,Webber,United States Virgin Islands
389,Dawn Mcclain,+1-902-981-0950x772,Elcho,Gambia
390,Roger Kent,001-187-486-4792x9581,Ohioville,Colombia
391,Rebecca Garcia,+1-739-541-9652x19798,Addyston,Tokelau
392,Julie Turner,623-639-1173,Sharonville,Malawi
393,Melissa Jefferson,556-527-7259x364,Lavonia,Congo
394,Mark Carey,(902)583-1929x91559,Mount Healthy Heights,Croatia
395,Brandon Ramirez,671.192.5875x507,La Luz,Christmas Island
396,Michael Barnett,272-597-6669,Baconton,Sri Lanka
397,Christy Gonzalez,283-906-7790,Romeville,Korea
398,Jessica Duffy,(711)973-8852x024,Pocahontas,Central African Republic
399,Sharon Thompson,245.116.4311,Whitefish,Namibia
400,Tiffany Brown MD,067-132-3446x817,Walnut Park,Cocos (Keeling) Islands
401,Brett Williams,(851)314-4399x26287,Lanagan,Luxembourg
402,Andrew Mckay,477.706.3942x3211,Zillah,Italy
403,Robert Becker,907-054-9881,Warsaw,Slovenia
404,John Monroe,638-346-4080x5159,University Park,Sao Tome and Principe
405,Lisa Oliver,8599075529,Nanty Glo,Montserrat
406,Andrew Shaffer,790.773.3390x9592,Mathiston,Niger
407,Robin Flores,211.787.7342x207,Pine Mountain,Tokelau
408,Deanna Garza,(905)990-2171,Appleton,Gibraltar
409,Danielle Saunders,001-504-608-5632x882,Huntingdon,United Kingdom
410,Daniel Wilson,136.581.6367x81713,Tiffin,Equatorial Guinea
411,Elizabeth Hernandez,275-088-2532,Top of the World,Turkmenistan
412,Todd Mitchell,892.071.8166x2806,Santa Ana Pueblo,Taiwan
413,Shannon Valentine,340.447.8969,Fort Motte,Saint Martin
414,Lawrence Watson,9712610117,Radium,Suriname
415,Lori Klein,369.143.2180,Summit,Yemen
416,Peter Smith,208-390-4483x435,Ripley,Latvia
417,Christopher Allen,+1-523-169-1070x629,Islington,Belarus
418,Sergio Cohen,387-174-4896x5141,Trabuco Canyon,Niue
419,Jessica Proctor,001-618-144-3452,Merrifield,Mongolia
420,Marissa Moore,499-903-2644,Lindsay,Chad
421,Jeffrey Baldwin,+1-565-519-0049x18260,Bellaire,Lebanon
422,Anthony Harrison,395-684-4388x9826,Cornville,Liberia
423,Charles Castro,606.925.5554,Curtiss,Saint Martin
424,Sabrina Lee,001-650-645-3165x366,Penn Valley,Dominica
425,John Hoffman,784-115-5120,Black River Village,Western Sahara
426,Eddie Burke,+1-810-291-8111x734,Viroqua,Cuba
427,Tammy Krueger,062-483-7008x96092,Joaquin,Guinea-Bissau
428,Jeffrey Wolf,(557)622-3791x33317,Hanamaulu,Tanzania
429,Chad Brown,348-945-4838x4190,Munden,El Salvador
430,Tiffany Washington,001-515-341-7166,Elliston,El Salvador
431,Marc Bradley,001-865-475-2697x26569,Southland,Thailand
432,Justin Allen,+1-385-101-3244x343,Moddersville,Liberia
433,Justin Alvarez,026.307.2750,Glen Haven,Guatemala
434,Jennifer Blackwell,(206)703-2601,Puckett,Congo
435,Julia Reeves,142.691.6626x85966,North Bergen,Bermuda
436,Samantha Thompson,044-405-5269x52553,Birdsboro,Sudan
437,Emma Jacobs,+1-309-438-2573x642,Lake Darby,Suriname
438,Justin Thornton,636.441.4345x845,Woodrow,Cambodia
439,Ruben Gonzalez,263-384-6994,Whitestown,Ghana
440,Jessica Johnson,(246)186-4441x39738,Tolar,Paraguay
441,Madeline Rush,770.366.8555,Paramus,Belarus
442,Matthew Doyle,211.562.8767x422,Park Forest,British Indian Ocean Territory (Chagos Archipelago)
443,Crystal Chandler,001-578-688-7985,North Berwick,Latvia
444,Jonathon Jackson,719-065-7196x873,White Ash,Sweden
445,David Griffith,001-888-451-6071x52810,Copper Center,Greenland
446,Daniel Torres,716.659.9759x135,Blairsburg,Australia
447,Taylor Melton,+1-759-678-2699x74973,Heads,New Caledonia
448,Terry Peck,001-257-779-6162x0968,Pauls Crossroads,Rwanda
449,Veronica Robinson,859-083-3697x38430,Belle Fourche,Ethiopia
450,Katrina Wilson,6600590200,McKnight,American Samoa
451,Jasmine Brown,249-863-1424,Gost Creek,Mexico
452,Stephanie Lee,004-621-0277x893,Marfa,Burundi
453,Dr. Erik Davis Jr.,871.308.8440x142,Cochran,Cook Islands
454,Jenna Santos,867-207-0543x078,Six Mile,Cambodia
455,Patricia Patel,001-039-098-3483,East Randolph,Uganda
456,Megan Bautista,(662)788-2840x378,Perry Heights,Egypt
457,Kendra Richardson,001-199-785-2876,Columbia Hills Corners,Saint Kitts and Nevis
458,John Bradley,364.721.3365x426,Schroeder,Kiribati
459,Danielle West,764.848.3103x53260,Blauvelt,Dominican Republic
460,Benjamin Middleton,(047)093-5351x0540,Neillsville,Puerto Rico
461,Russell Williams,317.008.5707x1730,Densmore,Holy See (Vatican City State)
462,Nicole Soto,816-608-6802x75692,Tansboro,Nauru
463,Andrew Kane,+1-022-713-5585x97355,Brushton,Liberia
464,Roy Walker,246-602-9821x20389,Collbran,Sudan
465,Christine Perkins,6209745986,Caseville,Senegal
466,Amanda Sanders,444-063-9795x09690,Willow City,Hungary
467,Anthony Nguyen,(966)289-1164x447,Lomax,Taiwan
468,Kathleen Garcia,932-354-8193,Piney,Cote d'Ivoire
469,Brandon King,+1-407-906-6475x82779,Tennessee Colony,Denmark
470,Daniel Brown,+1-219-061-1179x3903,Groveland,Guernsey
471,Dennis Davis,717.802.0981x62968,Metolius,Switzerland
472,Terry Webster,+1-060-800-2606x92965,Mill Creek,Portugal
473,Sara Edwards,001-439-827-0674x57777,Siasconset,Norfolk Island
474,Corey Ellis,757-280-8570x00080,Martelle,Panama
475,James Thornton,(067)631-1186,Pecatonica,French Polynesia
476,James Lopez,931-243-8368x5661,Flintstone,Panama
477,Nicole Farrell,(002)653-2406x637,Libertyville,Gabon
478,Michael Hess,229.229.3166x7137,Altona,Haiti
479,Johnny Baxter,+1-055-691-6648,New Carrollton,Gibraltar
480,Abigail Moore,961-127-3148,Ontario,Oman
481,Evan Dennis,001-379-995-4613,Glen Ellyn,Palestinian Territory
482,Taylor French,+1-122-201-5427x498,Russellton,Kuwait
483,Laura Wallace,+1-348-330-3181x17436,Gallitzin,United Kingdom
484,Steven Smith,001-569-326-8712,Neylandville,Cote d'Ivoire
485,Katherine Jones,461.259.9736x182,Barneston,Zambia
486,Erin Taylor,530.942.8986,Dempsey,Saint Kitts and Nevis
487,Lisa Carter,366.206.8141x2748,Raymer,Chile
488,Cathy Acevedo,516-947-8218x9582,Tougaloo,Puerto Rico
489,Amanda Nolan,001-563-783-7067x4933,Los Alamitos,Oman
490,Lindsey Travis,+1-678-440-3435,Prospect Park,Turkey
491,Kristin Baldwin,918.399.7190x16675,Bernard,Georgia
492,Emily Andrade,316.912.3214,Westborough,Kyrgyz Republic
493,Monica Taylor,8344737832,Kevil,Egypt
494,Matthew Carter,750.470.7770x08998,Penbrook,Macao
495,Mark Bowman,+1-099-388-2416x165,Grandview Heights,Vanuatu
496,Chad Edwards,762.860.2320,Glen Cove,Bhutan
497,Brian Walker,5187906353,McDaniel,Suriname
498,Matthew Sanders,001-141-426-8972x04379,Dansville,Mauritius
499,William Rogers,628-338-4176,Pine Hill,Malta
500,Autumn Smith,001-635-223-0336x42942,Sargents,Slovenia
501,Christopher Brown,311-344-1263x050,Armstrong,Kenya
502,Eric Bradford,(261)969-1353x120,Haines,Tokelau
503,Elizabeth Murray,266-431-9789,Pendleton,Philippines
504,Mr. Bradley Rojas,823-447-5832,Thalia,China
505,Marissa Shaw,(532)001-5338x82948,Brusly,Bulgaria
506,Gregory Martin,252-591-3242x067,Live Oak Springs,Faroe Islands
507,Samuel Price,616.904.9785,Havensville,Grenada
508,Desiree Wood,+1-867-284-7099x54582,North Atlanta,Cyprus
509,John Mercado,(896)965-4244x2375,Horatio,Haiti
510,Stephen Young DDS,(594)182-8331x394,Perry,Austria
511,Paula Morrison,(147)074-6027,Page Park,Norway
512,Katrina Mcdonald,617.365.7484x91297,Puckett,Cuba
513,Nicole Navarro,(587)658-7585x864,Swoyersville,Ukraine
514,Crystal Villa,888.044.4710x6085,Hallstead,Uruguay
515,Nicole Luna,082-480-0069x197,Steubenville,New Zealand
516,Zachary Peters,622-347-6376x10357,Orofino,Kiribati
517,Brandi Harding,(084)784-1324,Socorro,Namibia
518,Robert Lucero,565.924.2976,South Pasadena,Norfolk Island
519,Joshua Brennan,001-369-021-2918,Todd Mission,Falkland Islands (Malvinas)
520,Anita Spencer,263-897-9093x84302,Lynne,Saint Pierre and Miquelon
521,Felicia Guerrero,001-720-103-6073x5550,Lake Waukomis,Anguilla
522,Nicholas Nguyen,+1-428-283-4867x2976,Redmon,Russian Federation
523,Robert Murray,001-281-724-3870,Woodruff,Zambia
524,Stephen Dickerson,643-460-1629,Mayhew,Switzerland
525,Kelly Mays,5406443504,Battles,Trinidad and Tobago
526,Loretta Mason,511-563-4444x88977,City Terrace,Brazil
527,Bryan Woods,(092)734-6669,North Catasauqua,Tajikistan
528,Jaime Carter,3022903892,Martin Bluff,Suriname
529,Monica Anderson,001-209-355-5835x0958,Bulger,French Southern Territories
530,Kaitlin Curtis,001-066-904-6810x515,Kalkaska,Belarus
531,Matthew Cabrera,(732)486-7682,Salamatof,Maldives
532,Jean Powell,4682200115,Susquehanna Depot,Guinea
533,David Anderson,637.487.2891x3406,Malta,Philippines
534,Joanne Allen,(973)235-2731x257,Forbestown,Sierra Leone
535,Brandon Cunningham,547.325.7172,Biscayne Park,Namibia
536,Christopher Huffman,001.010.6213x638,North Salem,Falkland Islands (Malvinas)
537,Maurice Hunt,829.969.6460x9317,Saint Teresa,Trinidad and Tobago
538,Lacey Hardin,4094598133,Pennsburg,Netherlands Antilles
539,Ann Gallegos,940.798.1014x494,Edgartown,Romania
540,Laura Camacho,542.734.6065,Grass Lake,Tuvalu
541,Carol Hernandez,(205)074-9201,Pine Mountain Valley,Cote d'Ivoire
542,Julie Mathis,001-512-053-2755x688,Kettlersville,Antarctica (the territory South of 60 deg S)
543,Kayla Rivera,565.529.9332x42199,Waipio,Puerto Rico
544,John Johnson,(185)250-9352x996,Ramon,Greenland
545,Joshua Andersen,2554626014,Robbs,Lebanon
546,Nicholas Morrison,0399553657,Jonah,Portugal
547,Amber Little,001-620-833-9012x7892,Juliaetta,Uganda
548,Angela Phillips,(908)560-6686,Bronte,Grenada
549,Mr. Mark Stone,282-019-7105,Cadillac,Cape Verde
550,Jasmine Lane,250-918-5281x07506,Arno,Luxembourg
551,Tiffany Morris,680-462-6249x9206,Boysen,Guinea
552,Donald Kelly,155.741.3221,Twentynine Palms,United Arab Emirates
553,Ashley Fuller,(509)811-8802x377,Schoharie,Maldives
554,Juan Dunn,428.046.8870,Anton Chico,Cambodia
555,Caroline Watts,9755434499,Surfside,Djibouti
556,Calvin Collins,001-814-336-3146x950,Wilsey,Myanmar
557,Rita Myers,001-744-963-7981x4211,Sandia Heights,Russian Federation
558,Travis Walker,410-349-0763,Blocksburg,Trinidad and Tobago
559,Kristy Beltran,593-686-2303x6356,Carlisle,Malta
560,Crystal Jones,9380116087,Baileyville,Azerbaijan
561,Jacob Chapman,+1-762-651-7067,Dickson,Chile
562,Denise Ferguson,1133578342,Goodlett,New Zealand
563,Courtney Campos,+1-959-940-7719x9233,Madras,Taiwan
564,Gabrielle Rivera,2091933475,Deerfield,Hungary
565,Jessica Thomas,7860076825,Odenton,Colombia
566,Jennifer Evans,721-148-4552x997,Oceanport,Estonia
567,Gary Bell,591.398.9812x9876,Wingate,Chile
568,Jenny Rivera,136.236.7023x845,Hoyleton,Tonga
569,Andrew Newman,325-782-3137,Pinebluff,Cote d'Ivoire
570,Jennifer Arnold,(298)211-1647,Kahakuloa,Mozambique
571,David Dawson,(932)127-9531,West Belmar,Iran
572,Mindy Carter,001-314-219-0148,Tehuacana,Taiwan
573,Shane Edwards,001-220-847-8143x0268,Chenega,Eritrea
574,Amy Mclaughlin,441.522.5338x491,Morgan's Point Resort,Suriname
575,Charles Cook,521.742.5091x96620,Setauket,Serbia
576,Robin Norman,+1-737-587-2820x0762,Kentmore Park,Bosnia and Herzegovina
577,Michelle Middleton,(590)321-7237,Roslyn,Malta
578,Amy Hall,001-019-764-5118x37058,Holiday,Sierra Leone
579,Dawn Mcintyre,+1-554-256-4190x6209,Biwabik,Cayman Islands
580,Amanda Evans,001-974-035-6613x40147,Angle,Belarus
581,Kyle Anderson,+1-755-837-6489x55975,Gamewell,French Southern Territories
582,Donna Dodson,101-452-9952,Iselin,Slovenia
583,Derrick Ray,830.558.2770x803,Climbing Hill,Haiti
584,Dustin Roth,218.848.3689,Weldon Spring Heights,Norfolk Island
585,Brett Young,+1-155-929-4552x2053,Point of Rocks,Sweden
586,Ebony Johnson,(877)424-5283x953,Federal Dam,Singapore
587,Courtney Gonzalez,(596)696-1679x23875,Foard City,Swaziland
588,Michelle Ramirez,(085)191-7941,Key Largo,Saint Martin
589,Jennifer Hancock,6161417398,North Lauderdale,Cambodia
590,Lindsay Vincent,001-198-893-6849x4625,Gallaway,Bouvet Island (Bouvetoya)
591,Amy Taylor,2733200390,Chandler Heights,Bolivia
592,Donna Hernandez,163-092-0220,Cory,Andorra
593,Laura Daniels,293.961.3033,West Hollywood,Swaziland
594,Christian Williams,001-673-136-9702x99096,Lockett,Antigua and Barbuda
595,Melissa Garcia,486.519.9387x0508,Burr Ridge,Lebanon
596,Virginia Wilson,(015)032-6577x0843,Lynch Station,Ukraine
597,Stephanie Brennan,(275)939-9485,Kettlersville,Argentina
598,Ashley Stanley,535.722.5783,Three Rivers,Greece
599,James Conrad,484.655.1671x770,Bunker Hill Village,Sri Lanka
600,John Giles,278.773.6752x5107,Umikoa,Korea
601,Brandon Blake,1958608306,Springboro,French Southern Territories
602,David Johnson,(774)335-5708x2759,Haugan,Lao People's Democratic Republic
603,Kimberly Powell,228-845-9797x458,Talowah,Lithuania
604,Bianca Wallace,677-161-9768,San Simeon,Nauru
605,Patricia Nelson,542.488.7062,Ruthton,Solomon Islands
606,Victor Charles Jr.,292-707-8341,Retreat,Ukraine
607,Jeremiah Hale,001-597-550-1867,North Scituate,Bolivia
608,Sheryl Jones,730.459.4244,Scanlon,Eritrea
609,Amy Hale,001-474-442-8263x68778,Brielle,Moldova
610,Joanne Conrad,460-207-8315,Dixie Union,Nauru
611,Michael Guerrero,001-642-160-3385,Wenden,Nigeria
612,David Mcguire,137.615.5958x863,Gearhart,Palau
613,Nicholas Williams,026-718-5605,Nice,Bermuda
614,Shirley Roberts,+1-500-611-4006x810,Fountain Lake,Guatemala
615,Sara Wade,213-603-9012x0235,Pillsbury,Syrian Arab Republic
616,Jared Schultz,001-644-258-9860x85498,Round Lake Beach,Luxembourg
617,David Bond,+1-365-476-1706x36793,Abita Springs,Chad
618,Angel Mills,(021)803-9618,East Dunseith,Bhutan
619,Jason Russell,+1-650-263-0252,Dingmans Ferry,Maldives
620,Shane Garza,(710)347-4833,New Elliott,Cook Islands
621,Brett Alexander,(476)121-4617,Central Bridge,Korea
622,Jeremiah Smith,+1-180-754-6093x417,Wallaceton,Slovakia (Slovak Republic)
623,Larry Lindsey,001-523-211-7509,Hardy,Panama
624,Clifford Perez,+1-857-179-4706x3415,Elizabethtown,Luxembourg
625,Ernest Sanders,370.181.2794,West Freehold,Timor-Leste
626,Gabriela Collins,(895)158-8968,Scottsville,Djibouti
627,Pamela Rush,426.973.7792x85282,Pleasantville,Argentina
628,Jeremy Gray,+1-430-350-4822x2812,Stewart Manor,Tokelau
629,Courtney Saunders,(602)754-8472,Lynd,Macao
630,Greg Golden,199-646-6204x59436,Highwood,Guadeloupe
631,Mary Anderson,282-282-3623,Miltona,Philippines
632,Karen Mccarthy,995-857-9213,Bardonia,Nauru
633,Jeremy Hebert,135-946-6421x82291,Alcoa Center,Qatar
634,April Reese,146.308.0249,Hilton,Madagascar
635,Kathleen Miller,+1-693-876-3228x02082,Carmine,Lebanon
636,Mark Bryant,130-525-2470,Stonington,Ecuador
637,Phillip Miller,+1-655-359-2189x990,Bliss Corner,Lao People's Democratic Republic
638,Terry Mcfarland,262-210-1688x033,Meno,Russian Federation
639,Valerie Nelson,922-055-9701x869,Irondequoit,Nauru
640,Angela Miller,+1-969-311-6108,Van,Botswana
641,Jason Nguyen,+1-700-421-7079x352,Elmhurst,Denmark
642,Brianna Mitchell,(148)360-4199x519,Marin City,Belize
643,Thomas Neal,(378)846-4296,Walkers Mill,Equatorial Guinea
644,Robert Young,(275)924-9152x396,Kildare,Peru
645,Heather Young,312-460-6690x593,Saint Lawrence,New Caledonia
646,Tammy Meyers,192.616.3505,Ocean Shores,Ireland
647,Michelle Flowers,(028)001-5911x667,Ellamore,Maldives
648,Patricia Moore,001-650-278-3715x639,Baltimore Highlands,Turkmenistan
649,Matthew Riggs,001-678-968-9294x5173,Gaviota,Mongolia
650,Timothy Gonzales,975-272-4619x7939,Hodge,Jersey
651,Ian Grant,(338)153-0531,Lee's Camp,Cambodia
652,Robert Yu,046.890.7818x1042,Logandale,Martinique
653,Christine Duran,541-674-6487x576,Elma,Zambia
654,Sharon Hayden,361.886.8875x32637,Martinsburg,Chile
655,Edwin Douglas,086.314.6050,Spotsylvania Courthouse,Azerbaijan
656,Carla Williams,+1-830-939-1625x27539,Williamsfield,Greenland
657,Sarah Hernandez,001-815-308-0330x75504,Egbert,Heard Island and McDonald Islands
658,Kristin Brown,001-701-688-0074x6995,Brusly Landing,El Salvador
659,Lucas Simmons,818.962.9500x3076,Forest Heights,Northern Mariana Islands
660,Kelsey Montgomery,+1-731-197-1947x72334,Sagerton,Vietnam
661,Leah Nichols,169-640-3585,Peters,Vietnam
662,Megan Murphy,266.424.3563x9363,Zwingle,Antarctica (the territory South of 60 deg S)
663,Carlos Lopez,316.607.0903x957,Jenners,Turkey
664,Richard Gallagher,599-442-6447,Luxemburg,Sao Tome and Principe
665,Joshua West,548.043.8688x420,Nash,Netherlands
666,Kimberly Landry,+1-942-882-8264,San Isidro,Ireland
667,Gerald Rivera,9417804161,Linganore,Slovenia
668,Charles Robinson,528-132-1853x372,Corcovado,Portugal
669,Lisa Cummings,+1-583-809-9139x90679,Meadow Lakes,Tunisia
670,Andrew Salazar,001-052-689-5149x245,Eagleville,Rwanda
671,Jacob Johnson,001-563-608-2111x49081,Sulphurdale,Panama
672,Thomas Myers,390.228.1877,Clay Center,Kuwait
673,Amanda Roberts,(351)446-8580,Stowell,Comoros
674,Stephanie Martin,043.213.5485x8429,Geigertown,American Samoa
675,James Stephens,2974905944,Fox Run,Samoa
676,John Poole,4347941551,Valatie,Benin
677,Sara Rodriguez,(767)709-9939,Sachse,Spain
678,Chelsea Ferguson,+1-124-885-8231x360,Douglas City,Chile
679,Ryan Martinez,001-859-770-1129x45393,Buffalo Center,Sierra Leone
680,Mrs. Renee Cook,(454)930-0485,Saint Matthews,Anguilla
681,Jason Joseph,(210)316-1926,Lake Lillian,Singapore
682,Jessica Jacobs,322-276-0285x702,North Amityville,Mongolia
683,Kevin Price,(917)504-3174,Exline,Madagascar
684,Michelle Duncan,656.598.0643x0262,Francesville,Turks and Caicos Islands
685,James Walker,+1-773-408-3074x515,Ladner,Samoa
686,Angela White,(219)577-7375,Moscow,Luxembourg
687,Michael Harrell,070.500.1286,Dimmitt,Bulgaria
688,Shirley Nash,(526)300-0591,Hahnville,Cocos (Keeling) Islands
689,Brian Martin,700-370-3950,Platinum,Anguilla
690,Heather Petersen,716-394-8749,Ringgold,Bolivia
691,Steven Adams,381.949.0323,North Glen Ellyn,Comoros
692,Michael Jacobson,997-177-7943x55341,Kinter,Senegal
693,Heather Curry,432-756-2142,Hampden Highlands,Denmark
694,Ricky Lopez,725-660-5606,La Porte,Rwanda
695,Colleen Murphy,050-951-6254x1026,Level Park,Saint Lucia
696,Jonathan Harris,904.243.9258x1153,Red Mountain,Colombia
697,Gary Huerta,(438)387-7047,Kobuk,French Polynesia
698,Miranda Hensley,(837)966-7210,East Orange,Dominica
699,Amy Monroe,001-793-061-6631,Eagle Mills,Guernsey
700,Scott Little,001-226-144-1030x41122,Fittstown,British Indian Ocean Territory (Chagos Archipelago)
701,Brian Garcia,001-051-146-0775x18517,Cissna Park,Ecuador
702,Timothy Flores,(974)091-0915,Svea,Japan
703,Bailey Campos,001-488-127-9080x28523,Saint Petersburg,Jordan
704,Peter Rhodes,001-324-769-3584x8715,Ewen,Papua New Guinea
705,Taylor Patterson,001-699-408-2586,Clear Lake Shores,Germany
706,Angela Espinoza,375-708-2066x0160,Clarkrange,Botswana
707,Ariel Harrington,+1-304-926-6242x269,Purvis,Slovenia
708,Monique Meyer MD,001-969-962-3003x72357,Roads End,Gibraltar
709,Justin Powell DDS,459-942-8187,Rueter,Niger
710,Jacqueline Crawford,652.240.3636x6028,Eagan,Latvia
711,Jesse Richardson,0209085866,Cross Hill,Svalbard & Jan Mayen Islands
712,Nancy Carrillo,001-724-446-4055x222,Gorman,Philippines
713,Kristine Irwin,030-201-2372x983,Dormont,Cameroon
714,Emily Morgan,788-323-3391x260,Houmont Park,Tokelau
715,Angelica Phillips,+1-811-779-0221x23306,South Punta Gorda Heights,Sao Tome and Principe
716,Michael Moore,001-921-085-5862x400,Stringer,Kyrgyz Republic
717,Tina Ponce,(218)859-4259x5625,Nesquehoning,Gambia
718,Sean Gillespie,+1-588-767-5465x70324,North Lauderdale,Portugal
719,Megan Meyers,699-179-3615,Crest Hill,Australia
720,Melissa Moore,001-793-394-4170x926,Thompson,Nicaragua
721,Brandon Martin,001-518-032-9782x1584,Henry,Mexico
722,Dr. Thomas Wallace,(352)036-2873x817,Powderville,Swaziland
723,Jill Carson,(482)203-7300x71494,Blocker,Botswana
724,Diane Jenkins,(028)279-7478x101,Loyalhanna,Solomon Islands
725,Michelle Lane,279-794-2759,New York,Uganda
726,Jason Bean,001-629-927-3425x66568,Germano,Qatar
727,Kristin Mccoy,843-005-8202x7605,Mount Pocono,French Polynesia
728,Ryan Garza,001-307-274-6858x70590,Bullard,Puerto Rico
729,Richard Whitney,+1-570-514-9911x22621,Springhill,Vietnam
730,Bianca Baxter,+1-289-228-8194,Old Town,Suriname
731,Joseph Griffin,(132)669-8206x6120,Thomson,Austria
732,Rachel Gibson,(959)944-3214x162,Ackerman,Eritrea
733,Andrew Wright,001-061-405-9617x81359,Morrisville,Eritrea
734,Ryan Stout,517.439.4770,Otterbein,Nicaragua
735,Zachary Todd,556.706.4475x6650,Spangler,Senegal
736,Christopher Johnson,001-093-520-2016x26874,West Frankfort,Kuwait
737,Victor Shaw,179-438-8408,Salmon Brook,Cocos (Keeling) Islands
738,Thomas Kelley,075.260.5726x00391,Killen,Saint Helena
739,William Richards,(196)204-3739x697,De Soto City,Saint Lucia
740,Eric Gibson,474.508.0111,Shoreview,Gibraltar
741,Emily Hodge,381.006.5928x7565,Breckinridge,Ecuador
742,Nicholas Warren,(066)844-1481,Pease,Cape Verde
743,Nicole Thompson DVM,(620)063-9280x866,Brookhaven,Slovakia (Slovak Republic)
744,Aaron Johnson,(245)189-2903x4499,Jeffersonville,Reunion
745,Nathan Osborne,+1-932-494-1836x664,Lowden,Gambia
746,Angela Burgess,+1-484-784-2188x9639,Salt Point,Switzerland
747,Christina Gordon,(864)521-8557,Gilsum,Malawi
748,Thomas Bishop,180.896.9124x5793,Belleview,Swaziland
749,Christopher Haas,001-301-204-8507x95829,Morovis,Pitcairn Islands
750,Kara Bentley,935-109-2534x38665,Rich Pond,Holy See (Vatican City State)
751,James Kelley,687.066.9234,Del Aire,Turks and Caicos Islands
752,Melissa Matthews,001-232-106-6461x5184,Inniswold,Belgium
753,Jessica Murphy,971-797-4596x158,Wibaux,Kyrgyz Republic
754,Angela Mcguire,001-190-754-4879x0403,Cresbard,China
755,Amanda King,(810)848-0037,Geraldine,Tokelau
756,Jeffrey Griffin,620-455-2792x423,Grand Island,Brazil
757,Edwin Nash,001-055-449-4354x20131,Wanderoos,Senegal
758,Kenneth Ramos,3854423034,Lexington-Fayette,American Samoa
759,Michelle Schmidt,698.033.2899,Wendte,Papua New Guinea
760,Emily Santiago,104.091.3491,Kihei,El Salvador
761,Nicole Ramos,677.563.0632,Niangua,Cocos (Keeling) Islands
762,Audrey Long,730.943.4720x6926,Barnesboro,Andorra
763,Matthew Brown,(573)354-4126x5931,Rawson,Angola
764,Anthony Anderson,001-569-388-6161,Glenford,Yemen
765,Sherri Stone,(318)142-7936x308,Canajoharie,Turkmenistan
766,Rachel Lewis,(762)879-7817x796,Pagedale,Estonia
767,John Smith,001-227-319-3032x7209,DeArmanville,Comoros
768,Joanne Sharp,402.763.5840,Rural Valley,Marshall Islands
769,Colton Richardson,586-444-8619x6499,Park Valley,Marshall Islands
770,Joshua Berry,3406188331,Wegdahl,Montserrat
771,Erica Barnett,810.405.0832x95109,Covedale,American Samoa
772,Thomas Reilly,199-179-3427x0973,North Hornell,Kyrgyz Republic
773,Brandy Benitez,+1-461-302-8758,Nucla,Slovenia
774,Amber Howe,957-288-7577x10345,Shell Rock,France
775,Maria Edwards,001-789-695-1358x32325,Amelia Court House,Anguilla
776,Roberto Delgado,+1-179-216-0397,Hildreth,Gambia
777,Tracy Martinez,+1-825-456-5385x3398,Seiling,French Polynesia
778,Michael Gonzalez,600.830.3367x8850,Caseyville,Germany
779,Jeffrey Strickland,(603)297-1283x954,Dowelltown,Kiribati
780,Thomas Townsend,+1-358-759-9049x06734,Cabery,Algeria
781,David Reed,5145188496,Lake Fenton,Georgia
782,Linda Hernandez,001-441-375-6116x4201,Johnstone,Timor-Leste
783,Katie Powell,709-975-5095x084,Meyersdale,Bhutan
784,Amy Bennett,+1-366-026-2398,Bellville,Qatar
785,Kevin Nelson,(185)701-3982x4213,Parcelas Nuevas,Saint Pierre and Miquelon
786,Tyler Hunt,(072)244-3558,Parole,Vietnam
787,Jessica Hamilton,(438)115-8212x697,Augusta,Taiwan
788,Eileen Powell,+1-059-435-7319x3372,McCartys,French Guiana
789,Troy Campbell,237.896.8670x73724,Hightstown,Mauritania
790,Hayden Grant,(049)943-9434x26814,Hot Springs,Niger
791,Lisa Kennedy,8609643366,Durbin,New Caledonia
792,Joseph Mcgee,001-291-133-9629x9515,Port Wentworth,Peru
793,Cody Murphy,428.213.9651,Nine Mile Falls,Estonia
794,Cheyenne Shields,(603)241-7917,Parsippany,Cape Verde
795,Nicole Rubio,+1-979-696-7496x1726,Youngwood,Cape Verde
796,Albert Dunn,669.965.8339x14144,Friesland,Montenegro
797,Kevin Peters,(498)467-3502x321,Greenwich,Norfolk Island
798,Jenny Farmer,192-056-5971x2087,Peetz,Greenland
799,Carla Bennett,624-115-5562x87483,Darmstadt,Eritrea
800,Jessica Smith,084.173.2953x52790,Fort Calhoun,Slovenia
801,Joseph Green,+1-299-122-4166x191,Piercy,Eritrea
802,Craig Mack,(669)941-1140x66134,Mount Union,Montenegro
803,Jeffery Perez,(587)881-8094x06218,Hiller,Pakistan
804,Laurie Nash,867-358-4369x0592,Cedar Brook,Cape Verde
805,Karen Wright,909-662-6352,Byromville,Brazil
806,Brandi Martinez,082.586.9280x532,Mingo,Tunisia
807,Catherine Rivera,001-208-100-2033x0518,New Providence,Ghana
808,Joshua Blake,663.383.3766x0886,Hollyvilla,South Georgia and the South Sandwich Islands
809,Maria Miller,+1-718-787-3273x25571,North Eaton,Grenada
810,Mrs. Anita Sullivan,697-926-2977x520,Elba,Palau
811,Ashley Wilson,001-217-619-1256x80050,Hahira,Cambodia
812,Brian Pierce,+1-924-600-7416x3326,River Heights,Macao
813,Adam Huerta,+1-596-058-8259x758,Moore Station,Isle of Man
814,Michael Martin,332-385-1972x05499,McEwensville,Libyan Arab Jamahiriya
815,Jeffrey Smith,(981)524-0614,Somerdale,Nepal
816,Melissa Macdonald MD,542.577.3390,Cahokia,French Southern Territories
817,Savannah Gonzales,+1-596-281-7902x09761,Rose,Saudi Arabia
818,Ashley Gutierrez,+1-538-305-1134,Ray,Maldives
819,Craig Rosario,432.269.9596x45518,Navy Yard City,Gambia
820,Mr. William Cruz II,304.522.3865x739,Goldfield,Jordan
821,Robert Garcia,283.115.7147,Burlison,Thailand
822,Gregory Martin,+1-853-860-8269,Port Washington,Austria
823,Mary Holder,+1-367-683-2440x08604,Keweenaw Bay,Trinidad and Tobago
824,David Anderson,065-135-4141x24701,Broadhurst,Barbados
825,Andrea Rosario,8814062987,Sipsey,Philippines
826,Lisa Moore,280-851-4722,Judson,Papua New Guinea
827,Rebecca Dunn,711.731.2117,Hemingway,Marshall Islands
828,Wanda Foster,5572488077,Manti,Jordan
829,Jason Rodriguez,+1-466-801-2791x900,East Thermopolis,Marshall Islands
830,Maurice Maxwell,978.414.5393x71710,Twodot,Central African Republic
831,Jason West,(984)969-9976x25355,Casa Conejo,Finland
832,David Bray,(308)017-3575,Middlebrook,Botswana
833,Karen Woodard,001-761-336-7407,San Luis Rey,Djibouti
834,John Miller,+1-302-516-6953x389,Spaulding,Bulgaria
835,Christopher Soto,(701)730-3069,Santa Clarita,Vanuatu
836,Mrs. Jennifer King,001-120-730-8298x408,Barnet,Nigeria
837,Scott Anthony,938.247.0259,Devils Slide,Kiribati
838,Doris Thompson,(748)810-5161,Bishopville,Japan
839,James Owen,001-112-283-7872,Kelso,Costa Rica
840,Carrie Wallace,548.728.0923,American Canyon,Belarus
841,Juan Morgan,301.422.7278,Arbon,China
842,Rebecca Walker,001-081-319-8058x671,Yaphank,Saudi Arabia
843,Michael Chavez,+1-802-103-6546x97252,Oak Hills,Bermuda
844,Matthew Bauer,001-170-381-7810x9305,Sardis,Bahamas
845,Joseph Hart,281.521.9674x076,LaFayette,Israel
846,Stephanie Lawrence,264.448.4895x367,Lake Hughes,Slovenia
847,Joseph Smith,(460)619-9064,Tysons Corner,Greenland
848,Melissa Reed,657.234.9165x10258,Potomac,Albania
849,Mark Mason,001-852-804-2027,Jefferson,Vanuatu
850,Elizabeth Richardson,054-279-3619x294,South Cleveland,Rwanda
851,Derek Flores,(986)688-2072x76138,Longmire,Tuvalu
852,Brian Howard,+1-422-315-7238,Valley Hi,Rwanda
853,Brittany Wang,001-566-968-1592x7577,Parks,Serbia
854,Jacqueline Haynes,915.263.2878x4062,Blue Jay,Singapore
855,Veronica Sosa,(095)061-3431x4233,Doral,Turks and Caicos Islands
856,Jacqueline Hunter,(418)876-2618x42341,Bluffdale,Cayman Islands
857,James Copeland,001-759-844-6362x12914,Spiritwood Lake,Andorra
858,Anne Wilkins,001-611-617-2964x56800,Eagleville,Nigeria
859,Christopher Rhodes,(078)520-5256,Berkley,Malawi
860,Jason Reilly,001-225-681-7326,Syria,United Kingdom
861,Deanna Lane,306.027.5043x07961,Athens,Comoros
862,Brent Hines,(162)255-0340x0418,San Pablo,Finland
863,Victoria Garcia,+1-901-812-7038x1435,Gilmore,United States Virgin Islands
864,Kathryn Garcia,+1-869-135-3336x317,Los Osos,Luxembourg
865,David Murillo,498.968.6460x2755,Fulshear,Monaco
866,Alexa Acosta,(577)560-7345x77719,Greenwood Village,Malaysia
867,Frances May,001-790-711-8990,Sterley,Rwanda
868,Angela Hayes,001-891-930-4299x06544,Middletown,Cote d'Ivoire
869,Scott Skinner,660-376-5961,Pedernal,Botswana
870,Brian Miller,028.283.8945,Noxen,Rwanda
871,Roger Dominguez,+1-637-548-6360x5950,Ava,Mauritania
872,Carol Woods,(039)387-8872x9994,Princess Anne,Yemen
873,Kenneth Shaffer,(932)333-2928x43950,Waynetown,Gambia
874,Shelby Larson,590-508-2975,Navajo,Nauru
875,Dr. Laura Miller,525-659-9475x4925,Winner,Lebanon
876,Peter Nash,(394)362-5887x3455,Gladwyne,Cambodia
877,Jeremy Warner,085.895.8553,Bejou,Brazil
878,Joshua Hendrix,(744)678-2805,Moweaqua,El Salvador
879,Toni Schmidt,6867912765,Greensburg,Slovakia (Slovak Republic)
880,Wyatt Camacho,372.455.3321,Merit,Syrian Arab Republic
881,William Miller,605.963.9926,Andrix,Swaziland
882,Howard Carroll,142.567.4795x427,Needville,Canada
883,Roberta Perez,647-510-3270,Crystal Beach,Maldives
884,Sandra Howell,001-653-177-2397x7076,Scotland Neck,Madagascar
885,Jacob Lamb,507-159-8003,Fontana Village,Portugal
886,Kevin Beasley,+1-619-994-3113x239,Buist,Maldives
887,Jorge Underwood,(174)808-8932,Cliffside,Saint Lucia
888,David Peterson,+1-447-657-3782x34505,Cisne,Slovakia (Slovak Republic)
889,Karen Nguyen,001-055-772-1186x6306,Imboden,Ghana
890,Reginald Evans,248-931-7763,Jones,Gambia
891,Ashley Evans,653-531-0549,East Norriton,Lesotho
892,Laura James,140.023.1967,Lyons,Sudan
893,John Myers,359-861-0805x72244,Winslow,Falkland Islands (Malvinas)
894,Paul Brown,388-200-1773,Carrsville,Bhutan
895,Fred Miller,370.453.6616x26992,Neshaminy,Madagascar
896,Melissa Singh,841-640-8495x0121,Prompton,Antarctica (the territory South of 60 deg S)
897,Kimberly Rojas,001-695-489-0903x894,Grosse Ile,Kenya
898,Nancy Hall,3522780983,Lexington Hills,Gambia
899,Jennifer Thomas,666.396.1592,Burrel,Jamaica
900,Kristen Rosales,+1-240-667-5198x0458,Divide,Somalia
901,Audrey Knapp,001-248-548-9059,Au Sable,Antarctica (the territory South of 60 deg S)
902,Donna Nelson,+1-059-785-1044x3348,Everly,Zimbabwe
903,Dawn Cook,+1-935-264-4687,Traverse City,Burundi
904,Jamie Ho,583.074.7573x832,Wesleyan,Czech Republic
905,Richard Wang Jr.,+1-920-693-3877x65922,Nescopeck,Mali
906,Jacob Gutierrez,0190140116,Shawan,Montenegro
907,Cory Bridges,5544960770,Moulton Heights,Guinea
908,Duane Gill,104.145.0063x57381,Red Level,Angola
909,Angelica Huff,001-865-247-6843,North Tewksbury,Ecuador
910,Amber Silva,356.751.4079x454,Newark,Kazakhstan
911,Wendy Sanchez,(652)305-4481x0414,Newsoms,Morocco
912,Ryan Gregory,(391)242-7384x637,Amboy,Korea
913,Carl Martinez,144-045-6035,Selleck,Argentina
914,Bill Brown,366-411-8322,Mulhall,Iraq
915,Kayla Roman,+1-381-799-1694x29371,Cold Brook,Cayman Islands
916,Danielle Flynn,+1-526-437-5117x53751,Franktown,Myanmar
917,Jill Aguilar,001-235-541-9098x7775,Lostant,Tokelau
918,Mary White,5392330496,Redondo,Hungary
919,Christy Jefferson,(504)416-3656x7098,Barco,Bhutan
920,Rachel Brooks,9692007687,Harold,Denmark
921,Nathaniel Brown,(321)427-5574x03110,Seabrook,Belize
922,Michael Good,(741)445-4724x9843,Fearisville,Algeria
923,Christopher Arroyo,001-620-716-5761,Gwinn,Germany
924,Brandon Kelly,8420191796,Montevallo,Micronesia
925,Matthew Abbott,001-646-220-0709x96348,Macks Creek,Cameroon
926,Brittany Farmer,046.108.9937x4350,Salineno,Niger
927,Amy White,630-156-3694x8488,Des Allemands,Palau
928,Lori Khan,001-874-075-2133,Third Lake,Israel
929,Joshua Lin,666-745-8061x16641,Volta,Jersey
930,Courtney Elliott,9873174814,Winter Harbor,Indonesia
931,Jennifer Davis,+1-030-486-3073x88929,View Park,Korea
932,Joe Leonard,001-355-344-8613x7031,Saint Robert,Sweden
933,Kathryn Munoz,001-612-471-9789x94554,Lilesville,Congo
934,Lisa Miller,043-641-2022,Menominee,Brazil
935,Gina Allen,+1-880-905-7696,Pastura,Togo
936,Karen Jarvis,001-006-961-7029x55112,Blodgett,Netherlands Antilles
937,Christopher Brock,010.557.5900,Eucha,Afghanistan
938,Raymond Mclean,441-078-9539x95939,Emida,Latvia
939,Randall Kennedy,+1-332-955-1487x4571,Piney River,Cameroon
940,Wanda Manning,(358)574-9403,Bosque,Madagascar
941,Jessica Ryan,(693)802-0725,Puukolii,Heard Island and McDonald Islands
942,Michael Smith,001-861-525-9538,El Segundo,Djibouti
943,Christopher Phillips,8772023406,Wolverton,Brunei Darussalam
944,Tyler Dixon,+1-386-383-6177x562,Buie,Senegal
945,Diana Crosby,001-454-287-0938,Brice Prairie,Switzerland
946,Scott Charles,404.259.8799x8319,Sofia,Solomon Islands
947,Paul Johnson,001-847-240-9802x58741,Keystone Heights,Rwanda
948,Darren Gill,1200243377,Matador,San Marino
949,Gary Cain,719.969.2389x6528,West Alexander,Antigua and Barbuda
950,Patrick Stokes,+1-041-415-1992x61494,Crestline,Estonia
951,Robert Sanchez,499.291.7065x2104,Wallsboro,Montserrat
952,Julia Chapman,(443)124-6176x9106,Abbyville,Argentina
953,Cynthia Harvey,(057)391-0101x658,South Lebanon,Peru
954,Tiffany Smith,(829)398-0011,Arctic Village,Cuba
955,Ralph Garcia,+1-364-828-5438,Copemish,Ethiopia
956,Charles Salazar,(990)412-6913x2717,Wilsonia,Lao People's Democratic Republic
957,Renee Watson,994.482.1011x665,Kaolin,Netherlands
958,Megan Gregory,312.845.3087,Mays Landing,Canada
959,Mrs. Jamie Thomas,(195)795-3036x59405,Mount Trumbull,Panama
960,Erik Washington,+1-109-949-5709x401,Livermore Falls,Chile
961,Aaron Buchanan,+1-594-127-1973x006,Revillo,Cote d'Ivoire
962,Susan Palmer,257.198.2408x91775,Wheaton,Turkey
963,Crystal Villegas,0168506018,Broadview,Cambodia
964,Bruce Harris,012-496-6969x297,Nebraska City,Iran
965,Matthew Thomas,(077)559-9317x3390,West Valley City,Germany
966,Scott Sanders,001-889-933-7381x75164,Devon,Guyana
967,Jessica Gonzales,366-522-6252,Marine City,Taiwan
968,Daniel Atkinson,+1-619-626-0477,Cabool,Peru
969,Jennifer Zuniga,4434337428,Celina,Malaysia
970,Mr. Justin Todd DDS,439.275.5044,Ravena,Northern Mariana Islands
971,Jeffrey Huffman,139-968-7607x0261,Algona,Bangladesh
972,John Hudson,124.521.6594,Moreno,Kyrgyz Republic
973,Susan Adkins,747-209-3813x03545,Pearl,Bouvet Island (Bouvetoya)
974,Jennifer Green,507-293-6331x3679,Beryl,Guinea
975,Carla Martin,(545)775-2307,Thousand Oaks,Albania
976,Jeffrey Gray,+1-822-126-3167,Broadlands,Greenland
977,Samuel Arnold,155-333-6741x28323,Claycomo,Guinea-Bissau
978,Bruce Perez,961-541-9153x05152,Arthur,Mauritius
979,Dawn Williams,863-795-2754x30503,Allgood,Cayman Islands
980,Eugene Warren,(301)583-0289,Brunson,Taiwan
981,Mary West,107.910.8277,Redwater,Nepal
982,Jamie Vega,001-999-396-0062x28282,Allakaket,Timor-Leste
983,Daniel Willis,(307)924-2787x06963,Aromas,Wallis and Futuna
984,Maria Mckee,(564)171-1212x96417,Bishop Hills,French Polynesia
985,Tracey Carlson,0444722626,Sealy,United Kingdom
986,Thomas Odom,001-382-153-4833x3372,Lubeck,Dominican Republic
987,Lindsey Jefferson,596.719.8529x9615,Sherrodsville,Djibouti
988,Tony Underwood,002-527-9942x58266,Glouster,Botswana
989,Christina Goodwin,270-296-8208,Devils Slide,Samoa
990,John Gill,152-650-1767x38236,Parkwood,Aruba
991,Kathy Davis,514-795-6589x0446,Rosharon,Palau
992,Daniel Phillips,001-139-862-7347x16664,Byhalia,French Polynesia
993,Andrew Lynch,969.956.6006,Gildford,Ethiopia
994,Tyler Mendoza,+1-181-513-3887x70878,Cottonport,Reunion
995,Mr. Scott Taylor DVM,(540)201-9035,Chesuncook,Vietnam
996,Barbara Greer,001-580-165-6766x682,Putnamville,United Kingdom
997,Christopher Wilson,(545)864-8605x158,Helenwood,Andorra
998,Bonnie Allen,161.951.0169x803,Jemison,Syrian Arab Republic
999,Brandy Garcia,001-704-761-9871x463,Nuremberg,France
